{
  "version": "7",
  "dialect": "mysql",
  "entries": [
    {
      "idx": 0,
      "version": "5",
      "when": 1768495268211,
      "tag": "0000_lovely_sabretooth",
      "breakpoints": true
    },
    {
      "idx": 1,
      "version": "5",
      "when": 1768495474782,
      "tag": "0001_futuristic_tombstone",
      "breakpoints": true
    },
    {
      "idx": 2,
      "version": "5",
      "when": 1768661058457,
      "tag": "0002_parallel_black_panther",
      "breakpoints": true
    },
    {
      "idx": 3,
      "version": "5",
      "when": 1768754788305,
      "tag": "0003_goofy_wallop",
      "breakpoints": true
    },
    {
      "idx": 4,
      "version": "5",
      "when": 1769527814671,
      "tag": "0004_shallow_jazinda",
      "breakpoints": true
    }
  ]
}